userId,sessionId,buttonType,timestampMs,timestampReadable,timeSinceLastPress,msSinceGameStart,gameState
"P001","P001_1760711330590","add_vial_1","2025-10-17 14:29:00","2025-10-17T14:29:00.192Z","1970-01-01 00:00:00",9602,{"vial1Level":93.1,"vial2Level":96.5,"hasBucket":false,"gameRunning":true,"currentRound":0,"score":0,"roundTimeRemaining":1}
"P001","P001_1760711330590","add_vial_1","2025-10-17 14:28:57","2025-10-17T14:28:57.095Z","1970-01-01 00:00:00",6505,{"vial1Level":98.6,"vial2Level":91.6,"hasBucket":false,"gameRunning":true,"currentRound":0,"score":0,"roundTimeRemaining":4}
"P001","P001_1760711330590","add_vial_1","2025-10-17 14:28:58","2025-10-17T14:28:58.557Z","1970-01-01 00:00:00",7967,{"vial1Level":98.6,"vial2Level":81.8,"hasBucket":false,"gameRunning":true,"currentRound":0,"score":0,"roundTimeRemaining":3}
"P001","P001_1760711330590","add_vial_2","2025-10-17 14:28:55","2025-10-17T14:28:55.146Z","1970-01-01 00:00:00",4556,{"vial1Level":90.6,"vial2Level":80.6,"hasBucket":false,"gameRunning":true,"currentRound":0,"score":0,"roundTimeRemaining":6}
"P001","P001_1760711330590","add_vial_2","2025-10-17 14:31:57","2025-10-17T14:31:57.542Z","1970-01-01 00:00:00",186952,{"vial1Level":67,"vial2Level":57,"hasBucket":false,"gameRunning":true,"currentRound":6,"score":6,"roundTimeRemaining":1}
"P001","P001_1760711330590","add_vial_2","2025-10-17 14:31:57","2025-10-17T14:31:57.700Z","1970-01-01 00:00:00",187110,{"vial1Level":66.5,"vial2Level":61.5,"hasBucket":false,"gameRunning":true,"currentRound":6,"score":6,"roundTimeRemaining":1}
"P001","P001_1760711330590","add_vial_2","2025-10-17 14:28:52","2025-10-17T14:28:52.789Z","1970-01-01 00:00:00",2199,{"vial1Level":66.7,"vial2Level":66.7,"hasBucket":false,"gameRunning":true,"currentRound":0,"score":0,"roundTimeRemaining":9}
"P001","P001_1760711330590","add_vial_1","2025-10-17 14:31:58","2025-10-17T14:31:58.027Z","1970-01-01 00:00:00",187437,{"vial1Level":64.5,"vial2Level":69.5,"hasBucket":false,"gameRunning":true,"currentRound":6,"score":6,"roundTimeRemaining":1}
"P001","P001_1760711330590","add_vial_2","2025-10-17 14:28:55","2025-10-17T14:28:55.475Z","1970-01-01 00:00:00",4885,{"vial1Level":88.5,"vial2Level":88.5,"hasBucket":false,"gameRunning":true,"currentRound":0,"score":0,"roundTimeRemaining":6}
"P001","P001_1760711330590","add_vial_2","2025-10-17 14:28:56","2025-10-17T14:28:56.506Z","1970-01-01 00:00:00",5916,{"vial1Level":98.6,"vial2Level":85.8,"hasBucket":false,"gameRunning":true,"currentRound":0,"score":0,"roundTimeRemaining":5}
"P001","P001_1760711330590","add_vial_1","2025-10-17 14:28:57","2025-10-17T14:28:57.866Z","1970-01-01 00:00:00",7276,{"vial1Level":97.2,"vial2Level":86.7,"hasBucket":false,"gameRunning":true,"currentRound":0,"score":0,"roundTimeRemaining":4}
"P001","P001_1760711330590","add_vial_1","2025-10-17 14:28:53","2025-10-17T14:28:53.570Z","1970-01-01 00:00:00",2980,{"vial1Level":71.8,"vial2Level":76.8,"hasBucket":false,"gameRunning":true,"currentRound":0,"score":0,"roundTimeRemaining":8}
"P001","P001_1760711330590","add_vial_1","2025-10-17 14:28:54","2025-10-17T14:28:54.294Z","1970-01-01 00:00:00",3704,{"vial1Level":91.2,"vial2Level":71.2,"hasBucket":false,"gameRunning":true,"currentRound":0,"score":0,"roundTimeRemaining":7}
"P001","P001_1760711330590","add_vial_2","2025-10-17 14:28:54","2025-10-17T14:28:54.600Z","1970-01-01 00:00:00",4010,{"vial1Level":94.1,"vial2Level":69.1,"hasBucket":false,"gameRunning":true,"currentRound":0,"score":0,"roundTimeRemaining":7}
"P001","P001_1760711330590","add_vial_1","2025-10-17 14:28:52","2025-10-17T14:28:52.088Z","",1498,{"vial1Level":61.6,"vial2Level":61.6,"hasBucket":false,"gameRunning":true,"currentRound":0,"score":0,"roundTimeRemaining":9}
"P001","P001_1760711330590","add_vial_1","2025-10-17 14:28:56","2025-10-17T14:28:56.019Z","1970-01-01 00:00:00",5429,{"vial1Level":89.3,"vial2Level":89.3,"hasBucket":false,"gameRunning":true,"currentRound":0,"score":0,"roundTimeRemaining":5}
"P001","P001_1760711330590","add_vial_1","2025-10-17 14:28:53","2025-10-17T14:28:53.273Z","1970-01-01 00:00:00",2683,{"vial1Level":63.9,"vial2Level":78.9,"hasBucket":false,"gameRunning":true,"currentRound":0,"score":0,"roundTimeRemaining":8}
"P001","P001_1760711330590","add_vial_1","2025-10-17 14:28:52","2025-10-17T14:28:52.265Z","1970-01-01 00:00:00",1675,{"vial1Level":65.9,"vial2Level":60.9,"hasBucket":false,"gameRunning":true,"currentRound":0,"score":0,"roundTimeRemaining":9}
"P001","P001_1760711330590","add_vial_1","2025-10-17 14:31:57","2025-10-17T14:31:57.243Z","1970-01-01 00:02:56",186653,{"vial1Level":58.5,"vial2Level":58.5,"hasBucket":false,"gameRunning":true,"currentRound":6,"score":6,"roundTimeRemaining":1}
"P001","P001_1760711330590","add_vial_1","2025-10-17 14:28:58","2025-10-17T14:28:58.349Z","1970-01-01 00:00:00",7759,{"vial1Level":98.6,"vial2Level":83.2,"hasBucket":false,"gameRunning":true,"currentRound":0,"score":0,"roundTimeRemaining":3}
"P001","P001_1760711330590","add_vial_2","2025-10-17 14:28:52","2025-10-17T14:28:52.936Z","1970-01-01 00:00:00",2346,{"vial1Level":66,"vial2Level":71,"hasBucket":false,"gameRunning":true,"currentRound":0,"score":0,"roundTimeRemaining":8}
"P001","P001_1760711330590","add_vial_2","2025-10-17 14:28:54","2025-10-17T14:28:54.961Z","1970-01-01 00:00:00",4371,{"vial1Level":92,"vial2Level":77,"hasBucket":false,"gameRunning":true,"currentRound":0,"score":0,"roundTimeRemaining":6}
"P001","P001_1760711330590","add_vial_2","2025-10-17 14:28:58","2025-10-17T14:28:58.995Z","1970-01-01 00:00:00",8405,{"vial1Level":96.5,"vial2Level":83.3,"hasBucket":false,"gameRunning":true,"currentRound":0,"score":0,"roundTimeRemaining":2}
"P001","P001_1760711330590","add_vial_2","2025-10-17 14:28:56","2025-10-17T14:28:56.711Z","1970-01-01 00:00:00",6121,{"vial1Level":97.2,"vial2Level":89.4,"hasBucket":false,"gameRunning":true,"currentRound":0,"score":0,"roundTimeRemaining":5}
"P001","P001_1760711330590","add_vial_1","2025-10-17 14:28:57","2025-10-17T14:28:57.444Z","1970-01-01 00:00:00",6854,{"vial1Level":98.6,"vial2Level":89.5,"hasBucket":false,"gameRunning":true,"currentRound":0,"score":0,"roundTimeRemaining":4}
"P001","P001_1760711330590","add_vial_2","2025-10-17 14:28:59","2025-10-17T14:28:59.379Z","1970-01-01 00:00:00",8789,{"vial1Level":94.4,"vial2Level":91.2,"hasBucket":false,"gameRunning":true,"currentRound":0,"score":0,"roundTimeRemaining":2}
"P001","P001_1760711330590","add_vial_1","2025-10-17 14:28:56","2025-10-17T14:28:56.188Z","1970-01-01 00:00:00",5598,{"vial1Level":93.6,"vial2Level":88.6,"hasBucket":false,"gameRunning":true,"currentRound":0,"score":0,"roundTimeRemaining":5}
"P001","P001_1760711330590","add_vial_2","2025-10-17 14:28:59","2025-10-17T14:28:59.756Z","1970-01-01 00:00:00",9166,{"vial1Level":91.6,"vial2Level":98.4,"hasBucket":false,"gameRunning":true,"currentRound":0,"score":0,"roundTimeRemaining":2}
"P001","P001_1760711330590","add_vial_1","2025-10-17 14:29:00","2025-10-17T14:29:00.683Z","1970-01-01 00:00:00",10093,{"vial1Level":95.3,"vial2Level":98.6,"hasBucket":false,"gameRunning":true,"currentRound":0,"score":0,"roundTimeRemaining":1}
"P001","P001_1760711330590","add_vial_1","2025-10-17 14:28:56","2025-10-17T14:28:56.350Z","1970-01-01 00:00:00",5760,{"vial1Level":97.2,"vial2Level":87.2,"hasBucket":false,"gameRunning":true,"currentRound":0,"score":0,"roundTimeRemaining":5}
"P001","P001_1760711330590","add_vial_1","2025-10-17 14:28:58","2025-10-17T14:28:58.145Z","1970-01-01 00:00:00",7555,{"vial1Level":97.9,"vial2Level":84.6,"hasBucket":false,"gameRunning":true,"currentRound":0,"score":0,"roundTimeRemaining":3}
"P001","P001_1760711330590","add_vial_2","2025-10-17 14:28:53","2025-10-17T14:28:53.077Z","1970-01-01 00:00:00",2487,{"vial1Level":65.3,"vial2Level":75.3,"hasBucket":false,"gameRunning":true,"currentRound":0,"score":0,"roundTimeRemaining":8}
"P001","P001_1760711330590","add_vial_2","2025-10-17 14:28:52","2025-10-17T14:28:52.411Z","1970-01-01 00:00:00",1821,{"vial1Level":69.5,"vial2Level":59.5,"hasBucket":false,"gameRunning":true,"currentRound":0,"score":0,"roundTimeRemaining":9}
"P001","P001_1760711330590","add_vial_2","2025-10-17 14:31:57","2025-10-17T14:31:57.865Z","1970-01-01 00:00:00",187275,{"vial1Level":65.5,"vial2Level":65.5,"hasBucket":false,"gameRunning":true,"currentRound":6,"score":6,"roundTimeRemaining":1}
"P001","P001_1760711330590","add_vial_1","2025-10-17 14:28:53","2025-10-17T14:28:53.715Z","1970-01-01 00:00:00",3125,{"vial1Level":75.4,"vial2Level":75.4,"hasBucket":false,"gameRunning":true,"currentRound":0,"score":0,"roundTimeRemaining":8}
"P001","P001_1760711330590","add_vial_2","2025-10-17 14:28:54","2025-10-17T14:28:54.788Z","1970-01-01 00:00:00",4198,{"vial1Level":93.4,"vial2Level":73.4,"hasBucket":false,"gameRunning":true,"currentRound":0,"score":0,"roundTimeRemaining":7}
"P001","P001_1760711330590","add_vial_1","2025-10-17 14:28:56","2025-10-17T14:28:56.886Z","1970-01-01 00:00:00",6296,{"vial1Level":96.5,"vial2Level":93.7,"hasBucket":false,"gameRunning":true,"currentRound":0,"score":0,"roundTimeRemaining":5}
"P001","P001_1760711330590","add_vial_1","2025-10-17 14:28:54","2025-10-17T14:28:54.127Z","1970-01-01 00:00:00",3537,{"vial1Level":87.6,"vial2Level":72.6,"hasBucket":false,"gameRunning":true,"currentRound":0,"score":0,"roundTimeRemaining":7}
"P001","P001_1760711330590","add_vial_1","2025-10-17 14:28:57","2025-10-17T14:28:57.263Z","1970-01-01 00:00:00",6673,{"vial1Level":99.3,"vial2Level":90.9,"hasBucket":false,"gameRunning":true,"currentRound":0,"score":0,"roundTimeRemaining":4}
"P001","P001_1760711330590","add_vial_2","2025-10-17 14:28:52","2025-10-17T14:28:52.605Z","1970-01-01 00:00:00",2015,{"vial1Level":68.1,"vial2Level":63.1,"hasBucket":false,"gameRunning":true,"currentRound":0,"score":0,"roundTimeRemaining":9}
"P001","P001_1760711330590","add_vial_2","2025-10-17 14:29:00","2025-10-17T14:29:00.423Z","1970-01-01 00:00:00",9833,{"vial1Level":96.7,"vial2Level":95.1,"hasBucket":false,"gameRunning":true,"currentRound":0,"score":0,"roundTimeRemaining":1}
"P001","P001_1760711330590","add_vial_2","2025-10-17 14:28:59","2025-10-17T14:28:59.573Z","1970-01-01 00:00:00",8983,{"vial1Level":93,"vial2Level":94.8,"hasBucket":false,"gameRunning":true,"currentRound":0,"score":0,"roundTimeRemaining":2}
"P001","P001_1760711330590","add_vial_2","2025-10-17 14:28:59","2025-10-17T14:28:59.172Z","1970-01-01 00:00:00",8582,{"vial1Level":95.8,"vial2Level":87.6,"hasBucket":false,"gameRunning":true,"currentRound":0,"score":0,"roundTimeRemaining":2}
"P001","P001_1760711330590","add_vial_1","2025-10-17 14:28:53","2025-10-17T14:28:53.989Z","1970-01-01 00:00:00",3399,{"vial1Level":83.3,"vial2Level":73.3,"hasBucket":false,"gameRunning":true,"currentRound":0,"score":0,"roundTimeRemaining":7}
"P001","P001_1760711330590","add_vial_1","2025-10-17 14:28:53","2025-10-17T14:28:53.856Z","1970-01-01 00:00:00",3266,{"vial1Level":79.7,"vial2Level":74.7,"hasBucket":false,"gameRunning":true,"currentRound":0,"score":0,"roundTimeRemaining":8}
"P001","P001_1760711330590","add_vial_2","2025-10-17 14:28:58","2025-10-17T14:28:58.775Z","1970-01-01 00:00:00",8185,{"vial1Level":98.6,"vial2Level":80.4,"hasBucket":false,"gameRunning":true,"currentRound":0,"score":0,"roundTimeRemaining":3}
"P001","P001_1760711330590","add_vial_1","2025-10-17 14:28:53","2025-10-17T14:28:53.431Z","1970-01-01 00:00:00",2841,{"vial1Level":67.5,"vial2Level":77.5,"hasBucket":false,"gameRunning":true,"currentRound":0,"score":0,"roundTimeRemaining":8}
"P001","P001_1760711330590","add_vial_1","2025-10-17 14:28:55","2025-10-17T14:28:55.836Z","1970-01-01 00:00:00",5246,{"vial1Level":85.7,"vial2Level":90.7,"hasBucket":false,"gameRunning":true,"currentRound":0,"score":0,"roundTimeRemaining":6}
"P001","P001_1760711330590","add_vial_2","2025-10-17 14:28:55","2025-10-17T14:28:55.273Z","1970-01-01 00:00:00",4683,{"vial1Level":89.9,"vial2Level":84.9,"hasBucket":false,"gameRunning":true,"currentRound":0,"score":0,"roundTimeRemaining":6}
"P001","P001_1760711330590","add_vial_1","2025-10-17 14:28:59","2025-10-17T14:28:59.991Z","1970-01-01 00:00:00",9401,{"vial1Level":89.5,"vial2Level":97.9,"hasBucket":false,"gameRunning":true,"currentRound":0,"score":0,"roundTimeRemaining":1}
"P001","P001_1760711330590","add_vial_1","2025-10-17 14:31:57","2025-10-17T14:31:57.410Z","1970-01-01 00:00:00",186820,{"vial1Level":62.5,"vial2Level":57.5,"hasBucket":false,"gameRunning":true,"currentRound":6,"score":6,"roundTimeRemaining":1}
"P001","P001_1760711519374","add_vial_1","2025-10-17 14:32:07","2025-10-17T14:32:07.713Z","1970-01-01 00:00:00",8339,{"vial1Level":98.6,"vial2Level":92.6,"hasBucket":true,"bucket2Level":21.4,"gameRunning":true,"currentRound":0,"score":0,"roundTimeRemaining":2}
"P001","P001_1760711519374","add_vial_1","2025-10-17 14:32:09","2025-10-17T14:32:09.558Z","1970-01-01 00:00:00",10184,{"vial1Level":98.6,"vial2Level":90,"hasBucket":true,"bucket2Level":21.4,"gameRunning":true,"currentRound":0,"score":0,"roundTimeRemaining":1}
"P001","P001_1760711519374","empty_bucket","2025-10-17 14:32:07","2025-10-17T14:32:07.055Z","1970-01-01 00:00:00",7681,{"vial1Level":98.6,"vial2Level":82.5,"hasBucket":true,"bucket2Level":36.4,"gameRunning":true,"currentRound":0,"score":0,"roundTimeRemaining":3}
"P001","P001_1760711519374","add_vial_1","2025-10-17 14:32:07","2025-10-17T14:32:07.534Z","1970-01-01 00:00:00",8160,{"vial1Level":95.1,"vial2Level":94,"hasBucket":true,"bucket2Level":21.4,"gameRunning":true,"currentRound":0,"score":0,"roundTimeRemaining":3}
"P001","P001_1760711519374","add_vial_1","2025-10-17 14:32:06","2025-10-17T14:32:06.843Z","1970-01-01 00:00:00",7469,{"vial1Level":98.6,"vial2Level":83.9,"hasBucket":true,"bucket2Level":36.4,"gameRunning":true,"currentRound":0,"score":0,"roundTimeRemaining":3}
"P001","P001_1760711519374","add_vial_1","2025-10-17 14:32:06","2025-10-17T14:32:06.115Z","1970-01-01 00:00:00",6741,{"vial1Level":98.6,"vial2Level":88.8,"hasBucket":true,"bucket2Level":36.4,"gameRunning":true,"currentRound":0,"score":0,"roundTimeRemaining":4}
"P001","P001_1760711519374","add_vial_2","2025-10-17 14:32:01","2025-10-17T14:32:01.130Z","1970-01-01 00:00:00",1756,{"vial1Level":75.2,"vial2Level":80.2,"hasBucket":true,"bucket2Level":0,"gameRunning":true,"currentRound":0,"score":0,"roundTimeRemaining":9}
"P001","P001_1760711519374","add_vial_1","2025-10-17 14:32:05","2025-10-17T14:32:05.258Z","1970-01-01 00:00:00",5884,{"vial1Level":81.5,"vial2Level":95.1,"hasBucket":true,"bucket2Level":36.4,"gameRunning":true,"currentRound":0,"score":0,"roundTimeRemaining":5}
"P001","P001_1760711519374","add_vial_1","2025-10-17 14:32:01","2025-10-17T14:32:01.331Z","1970-01-01 00:00:00",1957,{"vial1Level":73.8,"vial2Level":83.8,"hasBucket":true,"bucket2Level":0,"gameRunning":true,"currentRound":0,"score":0,"roundTimeRemaining":9}
"P001","P001_1760711519374","add_vial_2","2025-10-17 14:32:03","2025-10-17T14:32:03.394Z","1970-01-01 00:00:00",4020,{"vial1Level":79.1,"vial2Level":98.6,"hasBucket":true,"bucket2Level":5.5,"gameRunning":true,"currentRound":0,"score":0,"roundTimeRemaining":7}
"P001","P001_1760711519374","add_vial_2","2025-10-17 14:32:00","2025-10-17T14:32:00.597Z","1970-01-01 00:00:00",1223,{"vial1Level":78.7,"vial2Level":68.7,"hasBucket":true,"bucket2Level":0,"gameRunning":true,"currentRound":0,"score":0,"roundTimeRemaining":10}
"P001","P001_1760711519374","add_vial_1","2025-10-17 14:32:01","2025-10-17T14:32:01.717Z","1970-01-01 00:00:00",2343,{"vial1Level":81,"vial2Level":81,"hasBucket":true,"bucket2Level":0,"gameRunning":true,"currentRound":0,"score":0,"roundTimeRemaining":8}
"P001","P001_1760711519374","add_vial_1","2025-10-17 14:31:59","2025-10-17T14:31:59.896Z","",522,{"vial1Level":68.6,"vial2Level":68.6,"hasBucket":true,"bucket2Level":0,"gameRunning":true,"currentRound":0,"score":0,"roundTimeRemaining":10}
"P001","P001_1760711519374","add_vial_2","2025-10-17 14:32:03","2025-10-17T14:32:03.229Z","1970-01-01 00:00:00",3855,{"vial1Level":80.5,"vial2Level":98.6,"hasBucket":true,"bucket2Level":1.9,"gameRunning":true,"currentRound":0,"score":0,"roundTimeRemaining":7}
"P001","P001_1760711519374","add_vial_1","2025-10-17 14:32:08","2025-10-17T14:32:08.713Z","1970-01-01 00:00:00",9339,{"vial1Level":98.6,"vial2Level":95.6,"hasBucket":true,"bucket2Level":21.4,"gameRunning":true,"currentRound":0,"score":0,"roundTimeRemaining":1}
"P001","P001_1760711519374","add_vial_2","2025-10-17 14:32:04","2025-10-17T14:32:04.181Z","1970-01-01 00:00:00",4807,{"vial1Level":73.5,"vial2Level":98.6,"hasBucket":true,"bucket2Level":24.9,"gameRunning":true,"currentRound":0,"score":0,"roundTimeRemaining":6}
"P001","P001_1760711519374","add_vial_2","2025-10-17 14:32:03","2025-10-17T14:32:03.551Z","1970-01-01 00:00:00",4177,{"vial1Level":78.4,"vial2Level":99.3,"hasBucket":true,"bucket2Level":9.1,"gameRunning":true,"currentRound":0,"score":0,"roundTimeRemaining":7}
"P001","P001_1760711519374","add_vial_1","2025-10-17 14:32:00","2025-10-17T14:32:00.247Z","1970-01-01 00:00:00",873,{"vial1Level":76.5,"vial2Level":66.5,"hasBucket":true,"bucket2Level":0,"gameRunning":true,"currentRound":0,"score":0,"roundTimeRemaining":10}
"P001","P001_1760711519374","add_vial_1","2025-10-17 14:32:05","2025-10-17T14:32:05.441Z","1970-01-01 00:00:00",6067,{"vial1Level":85.1,"vial2Level":93.7,"hasBucket":true,"bucket2Level":36.4,"gameRunning":true,"currentRound":0,"score":0,"roundTimeRemaining":5}
"P001","P001_1760711519374","add_vial_2","2025-10-17 14:32:04","2025-10-17T14:32:04.492Z","1970-01-01 00:00:00",5118,{"vial1Level":71.4,"vial2Level":98.6,"hasBucket":true,"bucket2Level":32.8,"gameRunning":true,"currentRound":0,"score":0,"roundTimeRemaining":6}
"P001","P001_1760711519374","add_vial_2","2025-10-17 14:32:03","2025-10-17T14:32:03.876Z","1970-01-01 00:00:00",4502,{"vial1Level":76.3,"vial2Level":99.3,"hasBucket":true,"bucket2Level":17,"gameRunning":true,"currentRound":0,"score":0,"roundTimeRemaining":6}
"P001","P001_1760711519374","add_vial_1","2025-10-17 14:32:01","2025-10-17T14:32:01.858Z","1970-01-01 00:00:00",2484,{"vial1Level":85.3,"vial2Level":80.3,"hasBucket":true,"bucket2Level":0,"gameRunning":true,"currentRound":0,"score":0,"roundTimeRemaining":8}
"P001","P001_1760711519374","add_vial_1","2025-10-17 14:32:05","2025-10-17T14:32:05.584Z","1970-01-01 00:00:00",6210,{"vial1Level":88.7,"vial2Level":92.3,"hasBucket":true,"bucket2Level":36.4,"gameRunning":true,"currentRound":0,"score":0,"roundTimeRemaining":5}
"P001","P001_1760711519374","add_vial_1","2025-10-17 14:32:01","2025-10-17T14:32:01.531Z","1970-01-01 00:00:00",2157,{"vial1Level":77.4,"vial2Level":82.4,"hasBucket":true,"bucket2Level":0,"gameRunning":true,"currentRound":0,"score":0,"roundTimeRemaining":9}
"P001","P001_1760711519374","add_vial_2","2025-10-17 14:32:04","2025-10-17T14:32:04.025Z","1970-01-01 00:00:00",4651,{"vial1Level":74.9,"vial2Level":99.3,"hasBucket":true,"bucket2Level":20.6,"gameRunning":true,"currentRound":0,"score":0,"roundTimeRemaining":6}
"P001","P001_1760711519374","add_vial_1","2025-10-17 14:32:06","2025-10-17T14:32:06.625Z","1970-01-01 00:00:00",7251,{"vial1Level":97.9,"vial2Level":85.3,"hasBucket":true,"bucket2Level":36.4,"gameRunning":true,"currentRound":0,"score":0,"roundTimeRemaining":4}
"P001","P001_1760711519374","add_vial_2","2025-10-17 14:32:00","2025-10-17T14:32:00.763Z","1970-01-01 00:00:00",1389,{"vial1Level":78,"vial2Level":73,"hasBucket":true,"bucket2Level":0,"gameRunning":true,"currentRound":0,"score":0,"roundTimeRemaining":9}
"P001","P001_1760711519374","add_vial_2","2025-10-17 14:32:02","2025-10-17T14:32:02.677Z","1970-01-01 00:00:00",3303,{"vial1Level":84.7,"vial2Level":89.7,"hasBucket":true,"bucket2Level":0,"gameRunning":true,"currentRound":0,"score":0,"roundTimeRemaining":8}
"P001","P001_1760711519374","add_vial_1","2025-10-17 14:32:04","2025-10-17T14:32:04.942Z","1970-01-01 00:00:00",5568,{"vial1Level":73.6,"vial2Level":97.2,"hasBucket":true,"bucket2Level":36.4,"gameRunning":true,"currentRound":0,"score":0,"roundTimeRemaining":5}
"P001","P001_1760711519374","add_vial_1","2025-10-17 14:32:09","2025-10-17T14:32:09.171Z","1970-01-01 00:00:00",9797,{"vial1Level":97.2,"vial2Level":92.8,"hasBucket":true,"bucket2Level":21.4,"gameRunning":true,"currentRound":0,"score":0,"roundTimeRemaining":1}
"P001","P001_1760711519374","add_vial_2","2025-10-17 14:32:04","2025-10-17T14:32:04.342Z","1970-01-01 00:00:00",4968,{"vial1Level":72.8,"vial2Level":99.3,"hasBucket":true,"bucket2Level":28.5,"gameRunning":true,"currentRound":0,"score":0,"roundTimeRemaining":6}
"P001","P001_1760711519374","add_vial_2","2025-10-17 14:32:00","2025-10-17T14:32:00.946Z","1970-01-01 00:00:00",1572,{"vial1Level":76.6,"vial2Level":76.6,"hasBucket":true,"bucket2Level":0,"gameRunning":true,"currentRound":0,"score":0,"roundTimeRemaining":9}
"P001","P001_1760711519374","add_vial_1","2025-10-17 14:32:05","2025-10-17T14:32:05.760Z","1970-01-01 00:00:00",6386,{"vial1Level":93,"vial2Level":91.6,"hasBucket":true,"bucket2Level":36.4,"gameRunning":true,"currentRound":0,"score":0,"roundTimeRemaining":4}
"P001","P001_1760711519374","add_vial_2","2025-10-17 14:32:08","2025-10-17T14:32:08.350Z","1970-01-01 00:00:00",8976,{"vial1Level":97.2,"vial2Level":93.4,"hasBucket":true,"bucket2Level":21.4,"gameRunning":true,"currentRound":0,"score":0,"roundTimeRemaining":2}
"P001","P001_1760711519374","add_vial_1","2025-10-17 14:32:09","2025-10-17T14:32:09.354Z","1970-01-01 00:00:00",9980,{"vial1Level":98.6,"vial2Level":91.4,"hasBucket":true,"bucket2Level":21.4,"gameRunning":true,"currentRound":0,"score":0,"roundTimeRemaining":1}
"P001","P001_1760711519374","add_vial_2","2025-10-17 14:32:00","2025-10-17T14:32:00.429Z","1970-01-01 00:00:00",1055,{"vial1Level":80.1,"vial2Level":65.1,"hasBucket":true,"bucket2Level":0,"gameRunning":true,"currentRound":0,"score":0,"roundTimeRemaining":10}
"P001","P001_1760711519374","add_vial_2","2025-10-17 14:32:03","2025-10-17T14:32:03.718Z","1970-01-01 00:00:00",4344,{"vial1Level":77,"vial2Level":98.6,"hasBucket":true,"bucket2Level":13.4,"gameRunning":true,"currentRound":0,"score":0,"roundTimeRemaining":6}
"P001","P001_1760711519374","add_vial_2","2025-10-17 14:32:02","2025-10-17T14:32:02.476Z","1970-01-01 00:00:00",3102,{"vial1Level":86.1,"vial2Level":86.1,"hasBucket":true,"bucket2Level":0,"gameRunning":true,"currentRound":0,"score":0,"roundTimeRemaining":8}
"P001","P001_1760711519374","add_vial_2","2025-10-17 14:32:08","2025-10-17T14:32:08.131Z","1970-01-01 00:00:00",8757,{"vial1Level":98.6,"vial2Level":89.8,"hasBucket":true,"bucket2Level":21.4,"gameRunning":true,"currentRound":0,"score":0,"roundTimeRemaining":2}
"P001","P001_1760711519374","add_vial_1","2025-10-17 14:32:08","2025-10-17T14:32:08.497Z","1970-01-01 00:00:00",9123,{"vial1Level":95.8,"vial2Level":97,"hasBucket":true,"bucket2Level":21.4,"gameRunning":true,"currentRound":0,"score":0,"roundTimeRemaining":2}
"P001","P001_1760711519374","add_vial_2","2025-10-17 14:32:02","2025-10-17T14:32:02.065Z","1970-01-01 00:00:00",2691,{"vial1Level":88.9,"vial2Level":78.9,"hasBucket":true,"bucket2Level":0,"gameRunning":true,"currentRound":0,"score":0,"roundTimeRemaining":8}
"P001","P001_1760711519374","add_vial_1","2025-10-17 14:32:05","2025-10-17T14:32:05.925Z","1970-01-01 00:00:00",6551,{"vial1Level":96.6,"vial2Level":90.2,"hasBucket":true,"bucket2Level":36.4,"gameRunning":true,"currentRound":0,"score":0,"roundTimeRemaining":4}
"P001","P001_1760711519374","add_vial_1","2025-10-17 14:32:00","2025-10-17T14:32:00.088Z","1970-01-01 00:00:00",714,{"vial1Level":72.2,"vial2Level":67.2,"hasBucket":true,"bucket2Level":0,"gameRunning":true,"currentRound":0,"score":0,"roundTimeRemaining":10}
"P001","P001_1760711519374","add_vial_1","2025-10-17 14:32:05","2025-10-17T14:32:05.118Z","1970-01-01 00:00:00",5744,{"vial1Level":77.2,"vial2Level":95.8,"hasBucket":true,"bucket2Level":36.4,"gameRunning":true,"currentRound":0,"score":0,"roundTimeRemaining":5}
"P001","P001_1760711519374","add_vial_1","2025-10-17 14:32:07","2025-10-17T14:32:07.901Z","1970-01-01 00:00:00",8527,{"vial1Level":98.6,"vial2Level":91.2,"hasBucket":true,"bucket2Level":21.4,"gameRunning":true,"currentRound":0,"score":0,"roundTimeRemaining":2}
"P001","P001_1760711519374","add_vial_2","2025-10-17 14:32:03","2025-10-17T14:32:03.046Z","1970-01-01 00:00:00",3672,{"vial1Level":81.9,"vial2Level":96.9,"hasBucket":true,"bucket2Level":0,"gameRunning":true,"currentRound":0,"score":0,"roundTimeRemaining":7}
"P001","P001_1760711519374","add_vial_1","2025-10-17 14:32:04","2025-10-17T14:32:04.768Z","1970-01-01 00:00:00",5394,{"vial1Level":70,"vial2Level":98.6,"hasBucket":true,"bucket2Level":36.4,"gameRunning":true,"currentRound":0,"score":0,"roundTimeRemaining":5}
"P001","P001_1760711519374","add_vial_2","2025-10-17 14:32:02","2025-10-17T14:32:02.260Z","1970-01-01 00:00:00",2886,{"vial1Level":87.5,"vial2Level":82.5,"hasBucket":true,"bucket2Level":0,"gameRunning":true,"currentRound":0,"score":0,"roundTimeRemaining":8}
"P001","P001_1760711519374","add_vial_2","2025-10-17 14:32:02","2025-10-17T14:32:02.864Z","1970-01-01 00:00:00",3490,{"vial1Level":83.3,"vial2Level":93.3,"hasBucket":true,"bucket2Level":0,"gameRunning":true,"currentRound":0,"score":0,"roundTimeRemaining":7}
"P001","P001_1760711519374","add_vial_1","2025-10-17 14:32:06","2025-10-17T14:32:06.283Z","1970-01-01 00:00:00",6909,{"vial1Level":98.6,"vial2Level":87.4,"hasBucket":true,"bucket2Level":36.4,"gameRunning":true,"currentRound":0,"score":0,"roundTimeRemaining":4}
"P003","P003_1760712019490","add_vial_1","2025-10-17 14:40:27","2025-10-17T14:40:27.295Z","1970-01-01 00:00:00",7805,{"vial1Level":94.9,"vial2Level":99.7,"hasBucket":true,"bucket2Level":48.1,"gameRunning":true,"currentRound":0,"score":0,"roundTimeRemaining":3}
"P003","P003_1760712019490","add_vial_2","2025-10-17 14:40:22","2025-10-17T14:40:22.331Z","1970-01-01 00:00:00",2841,{"vial1Level":72.5,"vial2Level":67.5,"hasBucket":true,"bucket2Level":0,"gameRunning":true,"currentRound":0,"score":0,"roundTimeRemaining":8}
"P003","P003_1760712019490","add_vial_1","2025-10-17 14:40:21","2025-10-17T14:40:21.573Z","",2083,{"vial1Level":64.9,"vial2Level":64.9,"hasBucket":true,"bucket2Level":0,"gameRunning":true,"currentRound":0,"score":0,"roundTimeRemaining":9}
"P003","P003_1760712019490","add_vial_1","2025-10-17 14:40:23","2025-10-17T14:40:23.206Z","1970-01-01 00:00:00",3716,{"vial1Level":74.8,"vial2Level":84.8,"hasBucket":true,"bucket2Level":0,"gameRunning":true,"currentRound":0,"score":0,"roundTimeRemaining":7}
"P003","P003_1760712019490","add_vial_2","2025-10-17 14:40:26","2025-10-17T14:40:26.070Z","1970-01-01 00:00:00",6580,{"vial1Level":98.5,"vial2Level":99.7,"hasBucket":true,"bucket2Level":11.7,"gameRunning":true,"currentRound":0,"score":0,"roundTimeRemaining":4}
"P003","P003_1760712019490","add_vial_2","2025-10-17 14:40:22","2025-10-17T14:40:22.146Z","1970-01-01 00:00:00",2656,{"vial1Level":73.1,"vial2Level":63.1,"hasBucket":true,"bucket2Level":0,"gameRunning":true,"currentRound":0,"score":0,"roundTimeRemaining":8}
"P003","P003_1760712019490","add_vial_2","2025-10-17 14:40:22","2025-10-17T14:40:22.838Z","1970-01-01 00:00:00",3348,{"vial1Level":71,"vial2Level":81,"hasBucket":true,"bucket2Level":0,"gameRunning":true,"currentRound":0,"score":0,"roundTimeRemaining":7}
"P003","P003_1760712019490","add_vial_2","2025-10-17 14:40:23","2025-10-17T14:40:23.907Z","1970-01-01 00:00:00",4417,{"vial1Level":87.7,"vial2Level":87.7,"hasBucket":true,"bucket2Level":0,"gameRunning":true,"currentRound":0,"score":0,"roundTimeRemaining":6}
"P003","P003_1760712019490","add_vial_1","2025-10-17 14:40:21","2025-10-17T14:40:21.754Z","1970-01-01 00:00:00",2264,{"vial1Level":69.3,"vial2Level":64.3,"hasBucket":true,"bucket2Level":0,"gameRunning":true,"currentRound":0,"score":0,"roundTimeRemaining":9}
"P003","P003_1760712019490","add_vial_2","2025-10-17 14:40:26","2025-10-17T14:40:26.831Z","1970-01-01 00:00:00",7341,{"vial1Level":96.1,"vial2Level":99.7,"hasBucket":true,"bucket2Level":34.3,"gameRunning":true,"currentRound":0,"score":0,"roundTimeRemaining":3}
"P003","P003_1760712019490","add_vial_1","2025-10-17 14:40:23","2025-10-17T14:40:23.390Z","1970-01-01 00:00:00",3900,{"vial1Level":79.5,"vial2Level":84.5,"hasBucket":true,"bucket2Level":0,"gameRunning":true,"currentRound":0,"score":0,"roundTimeRemaining":7}
"P003","P003_1760712019490","add_vial_2","2025-10-17 14:40:27","2025-10-17T14:40:27.148Z","1970-01-01 00:00:00",7658,{"vial1Level":95.2,"vial2Level":99.4,"hasBucket":true,"bucket2Level":43.7,"gameRunning":true,"currentRound":0,"score":0,"roundTimeRemaining":3}
"P003","P003_1760712019490","add_vial_1","2025-10-17 14:40:25","2025-10-17T14:40:25.228Z","1970-01-01 00:00:00",5738,{"vial1Level":98.8,"vial2Level":98.2,"hasBucket":true,"bucket2Level":10.6,"gameRunning":true,"currentRound":0,"score":0,"roundTimeRemaining":5}
"P003","P003_1760712019490","add_vial_2","2025-10-17 14:40:26","2025-10-17T14:40:26.990Z","1970-01-01 00:00:00",7500,{"vial1Level":95.8,"vial2Level":99.7,"hasBucket":true,"bucket2Level":39,"gameRunning":true,"currentRound":0,"score":0,"roundTimeRemaining":3}
"P003","P003_1760712019490","add_vial_1","2025-10-17 14:40:24","2025-10-17T14:40:24.907Z","1970-01-01 00:00:00",5417,{"vial1Level":89.7,"vial2Level":99.1,"hasBucket":true,"bucket2Level":10.6,"gameRunning":true,"currentRound":0,"score":0,"roundTimeRemaining":5}
"P003","P003_1760712019490","add_vial_2","2025-10-17 14:40:24","2025-10-17T14:40:24.606Z","1970-01-01 00:00:00",5116,{"vial1Level":85.6,"vial2Level":99.4,"hasBucket":true,"bucket2Level":6.2,"gameRunning":true,"currentRound":0,"score":0,"roundTimeRemaining":6}
"P003","P003_1760712019490","add_vial_1","2025-10-17 14:40:27","2025-10-17T14:40:27.451Z","1970-01-01 00:00:00",7961,{"vial1Level":99.3,"vial2Level":99.1,"hasBucket":true,"bucket2Level":48.1,"gameRunning":true,"currentRound":0,"score":0,"roundTimeRemaining":3}
"P003","P003_1760712019490","add_vial_2","2025-10-17 14:40:23","2025-10-17T14:40:23.756Z","1970-01-01 00:00:00",4266,{"vial1Level":88.3,"vial2Level":83.3,"hasBucket":true,"bucket2Level":0,"gameRunning":true,"currentRound":0,"score":0,"roundTimeRemaining":7}
"P003","P003_1760712019490","add_vial_2","2025-10-17 14:40:25","2025-10-17T14:40:25.896Z","1970-01-01 00:00:00",6406,{"vial1Level":99.1,"vial2Level":96.4,"hasBucket":true,"bucket2Level":10.6,"gameRunning":true,"currentRound":0,"score":0,"roundTimeRemaining":4}
"P003","P003_1760712019490","add_vial_2","2025-10-17 14:40:26","2025-10-17T14:40:26.556Z","1970-01-01 00:00:00",7066,{"vial1Level":97,"vial2Level":99.7,"hasBucket":true,"bucket2Level":25.2,"gameRunning":true,"currentRound":0,"score":0,"roundTimeRemaining":4}
"P003","P003_1760712019490","add_vial_2","2025-10-17 14:40:22","2025-10-17T14:40:22.662Z","1970-01-01 00:00:00",3172,{"vial1Level":71.6,"vial2Level":76.6,"hasBucket":true,"bucket2Level":0,"gameRunning":true,"currentRound":0,"score":0,"roundTimeRemaining":8}
"P003","P003_1760712019490","add_vial_1","2025-10-17 14:40:25","2025-10-17T14:40:25.554Z","1970-01-01 00:00:00",6064,{"vial1Level":99.4,"vial2Level":97.3,"hasBucket":true,"bucket2Level":10.6,"gameRunning":true,"currentRound":0,"score":0,"roundTimeRemaining":5}
"P003","P003_1760712019490","add_vial_2","2025-10-17 14:40:24","2025-10-17T14:40:24.090Z","1970-01-01 00:00:00",4600,{"vial1Level":87.4,"vial2Level":92.4,"hasBucket":true,"bucket2Level":0,"gameRunning":true,"currentRound":0,"score":0,"roundTimeRemaining":6}
"P003","P003_1760712019490","add_vial_1","2025-10-17 14:40:24","2025-10-17T14:40:24.740Z","1970-01-01 00:00:00",5250,{"vial1Level":85.3,"vial2Level":99.7,"hasBucket":true,"bucket2Level":10.6,"gameRunning":true,"currentRound":0,"score":0,"roundTimeRemaining":6}
"P003","P003_1760712019490","add_vial_1","2025-10-17 14:40:25","2025-10-17T14:40:25.387Z","1970-01-01 00:00:00",5897,{"vial1Level":99.7,"vial2Level":97.9,"hasBucket":true,"bucket2Level":10.6,"gameRunning":true,"currentRound":0,"score":0,"roundTimeRemaining":5}
"P003","P003_1760712019490","add_vial_2","2025-10-17 14:40:24","2025-10-17T14:40:24.275Z","1970-01-01 00:00:00",4785,{"vial1Level":86.8,"vial2Level":96.8,"hasBucket":true,"bucket2Level":0,"gameRunning":true,"currentRound":0,"score":0,"roundTimeRemaining":6}
"P003","P003_1760712019490","add_vial_1","2025-10-17 14:40:23","2025-10-17T14:40:23.015Z","1970-01-01 00:00:00",3525,{"vial1Level":70.4,"vial2Level":85.4,"hasBucket":true,"bucket2Level":0,"gameRunning":true,"currentRound":0,"score":0,"roundTimeRemaining":7}
"P003","P003_1760712019490","add_vial_2","2025-10-17 14:40:26","2025-10-17T14:40:26.698Z","1970-01-01 00:00:00",7208,{"vial1Level":96.4,"vial2Level":99.4,"hasBucket":true,"bucket2Level":29.9,"gameRunning":true,"currentRound":0,"score":0,"roundTimeRemaining":4}
"P003","P003_1760712019490","add_vial_2","2025-10-17 14:40:24","2025-10-17T14:40:24.431Z","1970-01-01 00:00:00",4941,{"vial1Level":86.2,"vial2Level":99.4,"hasBucket":true,"bucket2Level":1.8,"gameRunning":true,"currentRound":0,"score":0,"roundTimeRemaining":6}
"P003","P003_1760712019490","add_vial_2","2025-10-17 14:40:22","2025-10-17T14:40:22.498Z","1970-01-01 00:00:00",3008,{"vial1Level":72.2,"vial2Level":72.2,"hasBucket":true,"bucket2Level":0,"gameRunning":true,"currentRound":0,"score":0,"roundTimeRemaining":8}
"P003","P003_1760712019490","add_vial_1","2025-10-17 14:40:23","2025-10-17T14:40:23.556Z","1970-01-01 00:00:00",4066,{"vial1Level":83.9,"vial2Level":83.9,"hasBucket":true,"bucket2Level":0,"gameRunning":true,"currentRound":0,"score":0,"roundTimeRemaining":7}
"P003","P003_1760712019490","add_vial_1","2025-10-17 14:40:25","2025-10-17T14:40:25.070Z","1970-01-01 00:00:00",5580,{"vial1Level":94.4,"vial2Level":98.8,"hasBucket":true,"bucket2Level":10.6,"gameRunning":true,"currentRound":0,"score":0,"roundTimeRemaining":5}
"P003","P003_1760712019490","add_vial_2","2025-10-17 14:40:26","2025-10-17T14:40:26.399Z","1970-01-01 00:00:00",6909,{"vial1Level":97.3,"vial2Level":99.4,"hasBucket":true,"bucket2Level":20.8,"gameRunning":true,"currentRound":0,"score":0,"roundTimeRemaining":4}
"P003","P003_1760712019490","add_vial_1","2025-10-17 14:40:27","2025-10-17T14:40:27.598Z","1970-01-01 00:00:00",8108,{"vial1Level":99.4,"vial2Level":98.5,"hasBucket":true,"bucket2Level":48.1,"gameRunning":true,"currentRound":0,"score":0,"roundTimeRemaining":3}
"P003","P003_1760712019490","add_vial_2","2025-10-17 14:40:26","2025-10-17T14:40:26.236Z","1970-01-01 00:00:00",6746,{"vial1Level":97.9,"vial2Level":99.4,"hasBucket":true,"bucket2Level":16.4,"gameRunning":true,"currentRound":0,"score":0,"roundTimeRemaining":4}
"P003","P003_1760712411325","add_vial_1","2025-10-17 14:46:57","2025-10-17T14:46:57.395Z","1970-01-01 00:00:00",6070,{"vial1Level":97.6,"vial2Level":87.9,"hasBucket":true,"bucket2Level":0,"gameRunning":true,"currentRound":0,"score":0,"roundTimeRemaining":5}
"P003","P003_1760712411325","add_vial_1","2025-10-17 14:46:53","2025-10-17T14:46:53.905Z","",2580,{"vial1Level":63.4,"vial2Level":63.4,"hasBucket":true,"bucket2Level":0,"gameRunning":true,"currentRound":0,"score":0,"roundTimeRemaining":8}
"P003","P003_1760712411325","add_vial_1","2025-10-17 14:47:00","2025-10-17T14:47:00.230Z","1970-01-01 00:00:00",8905,{"vial1Level":99.1,"vial2Level":89.2,"hasBucket":true,"bucket2Level":0,"gameRunning":true,"currentRound":0,"score":0,"roundTimeRemaining":2}
"P003","P003_1760712411325","add_vial_1","2025-10-17 14:47:08","2025-10-17T14:47:08.163Z","1970-01-01 00:00:00",16838,{"vial1Level":85.5,"vial2Level":65.5,"hasBucket":false,"gameRunning":true,"currentRound":1,"score":1,"roundTimeRemaining":9}
"P003","P003_1760712411325","add_vial_1","2025-10-17 14:47:01","2025-10-17T14:47:01.005Z","1970-01-01 00:00:00",9680,{"vial1Level":98.5,"vial2Level":92.1,"hasBucket":true,"bucket2Level":0,"gameRunning":true,"currentRound":0,"score":0,"roundTimeRemaining":1}
"P003","P003_1760712411325","add_vial_2","2025-10-17 14:46:56","2025-10-17T14:46:56.814Z","1970-01-01 00:00:00",5489,{"vial1Level":99.4,"vial2Level":79.7,"hasBucket":true,"bucket2Level":0,"gameRunning":true,"currentRound":0,"score":0,"roundTimeRemaining":5}
"P003","P003_1760712411325","add_vial_2","2025-10-17 14:47:10","2025-10-17T14:47:10.380Z","1970-01-01 00:00:00",19055,{"vial1Level":88.9,"vial2Level":93.9,"hasBucket":false,"gameRunning":true,"currentRound":1,"score":1,"roundTimeRemaining":7}
"P003","P003_1760712411325","add_vial_2","2025-10-17 14:46:57","2025-10-17T14:46:57.193Z","1970-01-01 00:00:00",5868,{"vial1Level":98.2,"vial2Level":83.5,"hasBucket":true,"bucket2Level":0,"gameRunning":true,"currentRound":0,"score":0,"roundTimeRemaining":5}
"P003","P003_1760712411325","add_vial_2","2025-10-17 14:46:56","2025-10-17T14:46:56.021Z","1970-01-01 00:00:00",4696,{"vial1Level":92.1,"vial2Level":77.1,"hasBucket":true,"bucket2Level":0,"gameRunning":true,"currentRound":0,"score":0,"roundTimeRemaining":6}
"P003","P003_1760712411325","add_vial_1","2025-10-17 14:46:54","2025-10-17T14:46:54.879Z","1970-01-01 00:00:00",3554,{"vial1Level":70.4,"vial2Level":75.4,"hasBucket":true,"bucket2Level":0,"gameRunning":true,"currentRound":0,"score":0,"roundTimeRemaining":7}
"P003","P003_1760712411325","add_vial_1","2025-10-17 14:46:55","2025-10-17T14:46:55.819Z","1970-01-01 00:00:00",4494,{"vial1Level":87.7,"vial2Level":77.7,"hasBucket":true,"bucket2Level":0,"gameRunning":true,"currentRound":0,"score":0,"roundTimeRemaining":6}
"P003","P003_1760712411325","add_vial_2","2025-10-17 14:47:09","2025-10-17T14:47:09.922Z","1970-01-01 00:00:00",18597,{"vial1Level":90.4,"vial2Level":85.4,"hasBucket":false,"gameRunning":true,"currentRound":1,"score":1,"roundTimeRemaining":7}
"P003","P003_1760712411325","add_vial_1","2025-10-17 14:46:55","2025-10-17T14:46:55.239Z","1970-01-01 00:00:00",3914,{"vial1Level":79.2,"vial2Level":74.2,"hasBucket":true,"bucket2Level":0,"gameRunning":true,"currentRound":0,"score":0,"roundTimeRemaining":7}
"P003","P003_1760712411325","add_vial_1","2025-10-17 14:46:56","2025-10-17T14:46:56.605Z","1970-01-01 00:00:00",5280,{"vial1Level":99.4,"vial2Level":80.3,"hasBucket":true,"bucket2Level":0,"gameRunning":true,"currentRound":0,"score":0,"roundTimeRemaining":6}
"P003","P003_1760712411325","add_vial_2","2025-10-17 14:47:09","2025-10-17T14:47:09.198Z","1970-01-01 00:00:00",17873,{"vial1Level":92.5,"vial2Level":72.5,"hasBucket":false,"gameRunning":true,"currentRound":1,"score":1,"roundTimeRemaining":8}
"P003","P003_1760712411325","add_vial_1","2025-10-17 14:46:58","2025-10-17T14:46:58.940Z","1970-01-01 00:00:00",7615,{"vial1Level":99.1,"vial2Level":93.1,"hasBucket":true,"bucket2Level":0,"gameRunning":true,"currentRound":0,"score":0,"roundTimeRemaining":3}
"P003","P003_1760712411325","add_vial_2","2025-10-17 14:46:54","2025-10-17T14:46:54.346Z","1970-01-01 00:00:00",3021,{"vial1Level":66.9,"vial2Level":66.9,"hasBucket":true,"bucket2Level":0,"gameRunning":true,"currentRound":0,"score":0,"roundTimeRemaining":8}
"P003","P003_1760712411325","add_vial_1","2025-10-17 14:46:55","2025-10-17T14:46:55.439Z","1970-01-01 00:00:00",4114,{"vial1Level":83.6,"vial2Level":73.6,"hasBucket":true,"bucket2Level":0,"gameRunning":true,"currentRound":0,"score":0,"roundTimeRemaining":7}
"P003","P003_1760712411325","add_vial_1","2025-10-17 14:47:07","2025-10-17T14:47:07.271Z","1970-01-01 00:00:00",15946,{"vial1Level":73.2,"vial2Level":68.2,"hasBucket":false,"gameRunning":true,"currentRound":1,"score":1,"roundTimeRemaining":10}
"P003","P003_1760712411325","add_vial_1","2025-10-17 14:47:00","2025-10-17T14:47:00.428Z","1970-01-01 00:00:00",9103,{"vial1Level":99.4,"vial2Level":88.6,"hasBucket":true,"bucket2Level":0,"gameRunning":true,"currentRound":0,"score":0,"roundTimeRemaining":2}
"P003","P003_1760712411325","add_vial_1","2025-10-17 14:46:57","2025-10-17T14:46:57.587Z","1970-01-01 00:00:00",6262,{"vial1Level":99.4,"vial2Level":87.3,"hasBucket":true,"bucket2Level":0,"gameRunning":true,"currentRound":0,"score":0,"roundTimeRemaining":5}
"P003","P003_1760712411325","add_vial_2","2025-10-17 14:47:10","2025-10-17T14:47:10.606Z","1970-01-01 00:00:00",19281,{"vial1Level":88.3,"vial2Level":98.3,"hasBucket":false,"gameRunning":true,"currentRound":1,"score":1,"roundTimeRemaining":7}
"P003","P003_1760712411325","add_vial_2","2025-10-17 14:46:58","2025-10-17T14:46:58.371Z","1970-01-01 00:00:00",7046,{"vial1Level":98.8,"vial2Level":89.9,"hasBucket":true,"bucket2Level":0,"gameRunning":true,"currentRound":0,"score":0,"roundTimeRemaining":4}
"P003","P003_1760712411325","add_vial_1","2025-10-17 14:46:54","2025-10-17T14:46:54.697Z","1970-01-01 00:00:00",3372,{"vial1Level":66,"vial2Level":76,"hasBucket":true,"bucket2Level":0,"gameRunning":true,"currentRound":0,"score":0,"roundTimeRemaining":7}
"P003","P003_1760712411325","add_vial_1","2025-10-17 14:46:58","2025-10-17T14:46:58.620Z","1970-01-01 00:00:00",7295,{"vial1Level":98.2,"vial2Level":94.3,"hasBucket":true,"bucket2Level":0,"gameRunning":true,"currentRound":0,"score":0,"roundTimeRemaining":4}
"P003","P003_1760712411325","add_vial_1","2025-10-17 14:47:07","2025-10-17T14:47:07.546Z","1970-01-01 00:00:00",16221,{"vial1Level":77.3,"vial2Level":67.3,"hasBucket":false,"gameRunning":true,"currentRound":1,"score":1,"roundTimeRemaining":10}
"P003","P003_1760712411325","add_vial_1","2025-10-17 14:47:01","2025-10-17T14:47:01.420Z","1970-01-01 00:00:00",10095,{"vial1Level":99.1,"vial2Level":90.6,"hasBucket":true,"bucket2Level":0,"gameRunning":true,"currentRound":0,"score":0,"roundTimeRemaining":1}
"P003","P003_1760712411325","add_vial_2","2025-10-17 14:47:00","2025-10-17T14:47:00.738Z","1970-01-01 00:00:00",9413,{"vial1Level":99.1,"vial2Level":87.7,"hasBucket":true,"bucket2Level":0,"gameRunning":true,"currentRound":0,"score":0,"roundTimeRemaining":1}
"P003","P003_1760712411325","add_vial_1","2025-10-17 14:46:57","2025-10-17T14:46:57.962Z","1970-01-01 00:00:00",6637,{"vial1Level":99.4,"vial2Level":86.1,"hasBucket":true,"bucket2Level":0,"gameRunning":true,"currentRound":0,"score":0,"roundTimeRemaining":4}
"P003","P003_1760712411325","add_vial_1","2025-10-17 14:47:11","2025-10-17T14:47:11.095Z","1970-01-01 00:00:00",19770,{"vial1Level":86.8,"vial2Level":99.4,"hasBucket":false,"gameRunning":true,"currentRound":1,"score":1,"roundTimeRemaining":6}
"P003","P003_1760712411325","add_vial_1","2025-10-17 14:47:07","2025-10-17T14:47:07.839Z","1970-01-01 00:00:00",16514,{"vial1Level":81.4,"vial2Level":66.4,"hasBucket":false,"gameRunning":true,"currentRound":1,"score":1,"roundTimeRemaining":9}
"P003","P003_1760712411325","add_vial_1","2025-10-17 14:46:55","2025-10-17T14:46:55.055Z","1970-01-01 00:00:00",3730,{"vial1Level":74.8,"vial2Level":74.8,"hasBucket":true,"bucket2Level":0,"gameRunning":true,"currentRound":0,"score":0,"roundTimeRemaining":7}
"P003","P003_1760712411325","add_vial_2","2025-10-17 14:46:54","2025-10-17T14:46:54.521Z","1970-01-01 00:00:00",3196,{"vial1Level":66.3,"vial2Level":71.3,"hasBucket":true,"bucket2Level":0,"gameRunning":true,"currentRound":0,"score":0,"roundTimeRemaining":8}
"P003","P003_1760712411325","add_vial_2","2025-10-17 14:47:09","2025-10-17T14:47:09.679Z","1970-01-01 00:00:00",18354,{"vial1Level":91,"vial2Level":81,"hasBucket":false,"gameRunning":true,"currentRound":1,"score":1,"roundTimeRemaining":7}
"P003","P003_1760712411325","add_vial_1","2025-10-17 14:46:56","2025-10-17T14:46:56.170Z","1970-01-01 00:00:00",4845,{"vial1Level":91.5,"vial2Level":81.5,"hasBucket":true,"bucket2Level":0,"gameRunning":true,"currentRound":0,"score":0,"roundTimeRemaining":6}
"P003","P003_1760712411325","add_vial_2","2025-10-17 14:47:10","2025-10-17T14:47:10.858Z","1970-01-01 00:00:00",19533,{"vial1Level":87.4,"vial2Level":99.1,"hasBucket":false,"gameRunning":true,"currentRound":1,"score":1,"roundTimeRemaining":6}
"P003","P003_1760712411325","add_vial_1","2025-10-17 14:46:59","2025-10-17T14:46:59.153Z","1970-01-01 00:00:00",7828,{"vial1Level":99.4,"vial2Level":92.5,"hasBucket":true,"bucket2Level":0,"gameRunning":true,"currentRound":0,"score":0,"roundTimeRemaining":3}
"P003","P003_1760712411325","add_vial_2","2025-10-17 14:47:10","2025-10-17T14:47:10.180Z","1970-01-01 00:00:00",18855,{"vial1Level":89.5,"vial2Level":89.5,"hasBucket":false,"gameRunning":true,"currentRound":1,"score":1,"roundTimeRemaining":7}
"P003","P003_1760712411325","add_vial_1","2025-10-17 14:47:01","2025-10-17T14:47:01.201Z","1970-01-01 00:00:00",9876,{"vial1Level":99.4,"vial2Level":91.5,"hasBucket":true,"bucket2Level":0,"gameRunning":true,"currentRound":0,"score":0,"roundTimeRemaining":1}
"P003","P003_1760712411325","add_vial_1","2025-10-17 14:47:08","2025-10-17T14:47:08.454Z","1970-01-01 00:00:00",17129,{"vial1Level":89.6,"vial2Level":64.6,"hasBucket":false,"gameRunning":true,"currentRound":1,"score":1,"roundTimeRemaining":9}
"P003","P003_1760712411325","add_vial_1","2025-10-17 14:46:56","2025-10-17T14:46:56.413Z","1970-01-01 00:00:00",5088,{"vial1Level":95.9,"vial2Level":80.9,"hasBucket":true,"bucket2Level":0,"gameRunning":true,"currentRound":0,"score":0,"roundTimeRemaining":6}
"P003","P003_1760712411325","add_vial_2","2025-10-17 14:47:09","2025-10-17T14:47:09.418Z","1970-01-01 00:00:00",18093,{"vial1Level":91.9,"vial2Level":76.9,"hasBucket":false,"gameRunning":true,"currentRound":1,"score":1,"roundTimeRemaining":8}
"P003","P003_1760712411325","add_vial_1","2025-10-17 14:46:57","2025-10-17T14:46:57.780Z","1970-01-01 00:00:00",6455,{"vial1Level":99.4,"vial2Level":86.7,"hasBucket":true,"bucket2Level":0,"gameRunning":true,"currentRound":0,"score":0,"roundTimeRemaining":4}
"P003","P003_1760712411325","add_vial_2","2025-10-17 14:47:08","2025-10-17T14:47:08.784Z","1970-01-01 00:00:00",17459,{"vial1Level":93.7,"vial2Level":63.7,"hasBucket":false,"gameRunning":true,"currentRound":1,"score":1,"roundTimeRemaining":8}
"P003","P003_1760712411325","add_vial_1","2025-10-17 14:47:07","2025-10-17T14:47:07.037Z","1970-01-01 00:00:05",15712,{"vial1Level":68.8,"vial2Level":68.8,"hasBucket":false,"gameRunning":true,"currentRound":1,"score":1,"roundTimeRemaining":10}
"P003","P003_1760712411325","add_vial_2","2025-10-17 14:47:08","2025-10-17T14:47:08.979Z","1970-01-01 00:00:00",17654,{"vial1Level":93.1,"vial2Level":68.1,"hasBucket":false,"gameRunning":true,"currentRound":1,"score":1,"roundTimeRemaining":8}
"P003","P003_1760712411325","add_vial_2","2025-10-17 14:46:54","2025-10-17T14:46:54.138Z","1970-01-01 00:00:00",2813,{"vial1Level":67.5,"vial2Level":62.5,"hasBucket":true,"bucket2Level":0,"gameRunning":true,"currentRound":0,"score":0,"roundTimeRemaining":8}
"P003","P003_1760712411325","add_vial_1","2025-10-17 14:47:00","2025-10-17T14:47:00.010Z","1970-01-01 00:00:00",8685,{"vial1Level":97.6,"vial2Level":90.1,"hasBucket":true,"bucket2Level":0,"gameRunning":true,"currentRound":0,"score":0,"roundTimeRemaining":2}
"P003","P003_1760712411325","add_vial_2","2025-10-17 14:46:55","2025-10-17T14:46:55.634Z","1970-01-01 00:00:00",4309,{"vial1Level":88,"vial2Level":73,"hasBucket":true,"bucket2Level":0,"gameRunning":true,"currentRound":0,"score":0,"roundTimeRemaining":6}
"P003","P003_1760712411325","add_vial_2","2025-10-17 14:46:58","2025-10-17T14:46:58.171Z","1970-01-01 00:00:00",6846,{"vial1Level":99.4,"vial2Level":85.5,"hasBucket":true,"bucket2Level":0,"gameRunning":true,"currentRound":0,"score":0,"roundTimeRemaining":4}
"P004","P004_1760712709959","add_vial_1","2025-10-17 14:51:52","2025-10-17T14:51:52.348Z","1970-01-01 00:00:00",2389,{"vial1Level":57,"vial2Level":67,"hasBucket":true,"bucket2Level":0,"gameRunning":true,"currentRound":0,"score":0,"roundTimeRemaining":8}
"P004","P004_1760712709959","add_vial_1","2025-10-17 14:51:58","2025-10-17T14:51:58.506Z","1970-01-01 00:00:00",8547,{"vial1Level":81.2,"vial2Level":81.2,"hasBucket":true,"bucket2Level":0,"gameRunning":true,"currentRound":0,"score":0,"roundTimeRemaining":2}
"P004","P004_1760712709959","add_vial_1","2025-10-17 14:51:56","2025-10-17T14:51:56.738Z","1970-01-01 00:00:00",6779,{"vial1Level":77.4,"vial2Level":77.4,"hasBucket":true,"bucket2Level":0,"gameRunning":true,"currentRound":0,"score":0,"roundTimeRemaining":4}
"P004","P004_1760712709959","add_vial_1","2025-10-17 14:51:52","2025-10-17T14:51:52.484Z","1970-01-01 00:00:00",2525,{"vial1Level":60.2,"vial2Level":65.2,"hasBucket":true,"bucket2Level":0,"gameRunning":true,"currentRound":0,"score":0,"roundTimeRemaining":8}
"P004","P004_1760712709959","add_vial_1","2025-10-17 14:51:57","2025-10-17T14:51:57.165Z","1970-01-01 00:00:00",7206,{"vial1Level":82.9,"vial2Level":72.9,"hasBucket":true,"bucket2Level":0,"gameRunning":true,"currentRound":0,"score":0,"roundTimeRemaining":4}
"P004","P004_1760712709959","add_vial_2","2025-10-17 14:51:57","2025-10-17T14:51:57.816Z","1970-01-01 00:00:00",7857,{"vial1Level":82.5,"vial2Level":77.5,"hasBucket":true,"bucket2Level":0,"gameRunning":true,"currentRound":0,"score":0,"roundTimeRemaining":3}
"P004","P004_1760712709959","add_vial_2","2025-10-17 14:51:57","2025-10-17T14:51:57.375Z","1970-01-01 00:00:00",7416,{"vial1Level":86.1,"vial2Level":71.1,"hasBucket":true,"bucket2Level":0,"gameRunning":true,"currentRound":0,"score":0,"roundTimeRemaining":3}
"P004","P004_1760712709959","add_vial_1","2025-10-17 14:51:58","2025-10-17T14:51:58.707Z","1970-01-01 00:00:00",8748,{"vial1Level":84.4,"vial2Level":79.4,"hasBucket":true,"bucket2Level":0,"gameRunning":true,"currentRound":0,"score":0,"roundTimeRemaining":2}
"P004","P004_1760712709959","add_vial_1","2025-10-17 14:51:55","2025-10-17T14:51:55.049Z","1970-01-01 00:00:00",5090,{"vial1Level":77.7,"vial2Level":67.7,"hasBucket":true,"bucket2Level":0,"gameRunning":true,"currentRound":0,"score":0,"roundTimeRemaining":6}
"P004","P004_1760712709959","add_vial_2","2025-10-17 14:51:52","2025-10-17T14:51:52.143Z","1970-01-01 00:00:00",2184,{"vial1Level":58.8,"vial2Level":63.8,"hasBucket":true,"bucket2Level":0,"gameRunning":true,"currentRound":0,"score":0,"roundTimeRemaining":9}
"P004","P004_1760712709959","add_vial_1","2025-10-17 14:51:54","2025-10-17T14:51:54.431Z","1970-01-01 00:00:00",4472,{"vial1Level":68.1,"vial2Level":73.1,"hasBucket":true,"bucket2Level":0,"gameRunning":true,"currentRound":0,"score":0,"roundTimeRemaining":6}
"P004","P004_1760712709959","add_vial_2","2025-10-17 14:51:55","2025-10-17T14:51:55.882Z","1970-01-01 00:00:00",5923,{"vial1Level":79.6,"vial2Level":69.6,"hasBucket":true,"bucket2Level":0,"gameRunning":true,"currentRound":0,"score":0,"roundTimeRemaining":5}
"P004","P004_1760712709959","add_vial_1","2025-10-17 14:51:53","2025-10-17T14:51:53.008Z","1970-01-01 00:00:00",3049,{"vial1Level":70.7,"vial2Level":60.7,"hasBucket":true,"bucket2Level":0,"gameRunning":true,"currentRound":0,"score":0,"roundTimeRemaining":8}
"P004","P004_1760712709959","add_vial_1","2025-10-17 14:51:58","2025-10-17T14:51:58.268Z","1970-01-01 00:00:00",8309,{"vial1Level":78,"vial2Level":83,"hasBucket":true,"bucket2Level":0,"gameRunning":true,"currentRound":0,"score":0,"roundTimeRemaining":2}
"P004","P004_1760712709959","add_vial_2","2025-10-17 14:51:55","2025-10-17T14:51:55.442Z","1970-01-01 00:00:00",5483,{"vial1Level":84.1,"vial2Level":64.1,"hasBucket":true,"bucket2Level":0,"gameRunning":true,"currentRound":0,"score":0,"roundTimeRemaining":5}
"P004","P004_1760712709959","add_vial_1","2025-10-17 14:51:56","2025-10-17T14:51:56.530Z","1970-01-01 00:00:00",6571,{"vial1Level":74.2,"vial2Level":79.2,"hasBucket":true,"bucket2Level":0,"gameRunning":true,"currentRound":0,"score":0,"roundTimeRemaining":4}
"P004","P004_1760712709959","add_vial_2","2025-10-17 14:51:51","2025-10-17T14:51:51.981Z","1970-01-01 00:00:00",2022,{"vial1Level":59.7,"vial2Level":59.7,"hasBucket":true,"bucket2Level":0,"gameRunning":true,"currentRound":0,"score":0,"roundTimeRemaining":9}
"P004","P004_1760712709959","add_vial_1","2025-10-17 14:51:59","2025-10-17T14:51:59.756Z","1970-01-01 00:00:00",9797,{"vial1Level":84.5,"vial2Level":84.5,"hasBucket":true,"bucket2Level":0,"gameRunning":true,"currentRound":0,"score":0,"roundTimeRemaining":1}
"P004","P004_1760712709959","add_vial_1","2025-10-17 14:51:56","2025-10-17T14:51:56.956Z","1970-01-01 00:00:00",6997,{"vial1Level":79.7,"vial2Level":74.7,"hasBucket":true,"bucket2Level":0,"gameRunning":true,"currentRound":0,"score":0,"roundTimeRemaining":4}
"P004","P004_1760712709959","add_vial_2","2025-10-17 14:51:53","2025-10-17T14:51:53.598Z","1970-01-01 00:00:00",3639,{"vial1Level":75.3,"vial2Level":60.3,"hasBucket":true,"bucket2Level":0,"gameRunning":true,"currentRound":0,"score":0,"roundTimeRemaining":7}
"P004","P004_1760712709959","add_vial_2","2025-10-17 14:51:58","2025-10-17T14:51:58.042Z","1970-01-01 00:00:00",8083,{"vial1Level":80.7,"vial2Level":80.7,"hasBucket":true,"bucket2Level":0,"gameRunning":true,"currentRound":0,"score":0,"roundTimeRemaining":3}
"P004","P004_1760712709959","add_vial_1","2025-10-17 14:51:55","2025-10-17T14:51:55.240Z","1970-01-01 00:00:00",5281,{"vial1Level":80.9,"vial2Level":65.9,"hasBucket":true,"bucket2Level":0,"gameRunning":true,"currentRound":0,"score":0,"roundTimeRemaining":6}
"P004","P004_1760712709959","add_vial_1","2025-10-17 14:51:51","2025-10-17T14:51:51.582Z","",1623,{"vial1Level":58.3,"vial2Level":58.3,"hasBucket":true,"bucket2Level":0,"gameRunning":true,"currentRound":0,"score":0,"roundTimeRemaining":9}
"P004","P004_1760712709959","add_vial_2","2025-10-17 14:51:56","2025-10-17T14:51:56.091Z","1970-01-01 00:00:00",6132,{"vial1Level":77.8,"vial2Level":72.8,"hasBucket":true,"bucket2Level":0,"gameRunning":true,"currentRound":0,"score":0,"roundTimeRemaining":5}
"P004","P004_1760712709959","add_vial_1","2025-10-17 14:51:52","2025-10-17T14:51:52.679Z","1970-01-01 00:00:00",2720,{"vial1Level":63.4,"vial2Level":63.4,"hasBucket":true,"bucket2Level":0,"gameRunning":true,"currentRound":0,"score":0,"roundTimeRemaining":8}
"P004","P004_1760712709959","add_vial_2","2025-10-17 14:51:57","2025-10-17T14:51:57.606Z","1970-01-01 00:00:00",7647,{"vial1Level":84.3,"vial2Level":74.3,"hasBucket":true,"bucket2Level":0,"gameRunning":true,"currentRound":0,"score":0,"roundTimeRemaining":3}
"P004","P004_1760712709959","add_vial_2","2025-10-17 14:51:54","2025-10-17T14:51:54.200Z","1970-01-01 00:00:00",4241,{"vial1Level":69.9,"vial2Level":69.9,"hasBucket":true,"bucket2Level":0,"gameRunning":true,"currentRound":0,"score":0,"roundTimeRemaining":7}
"P004","P004_1760712709959","add_vial_2","2025-10-17 14:51:59","2025-10-17T14:51:59.155Z","1970-01-01 00:00:00",9196,{"vial1Level":84.9,"vial2Level":79.9,"hasBucket":true,"bucket2Level":0,"gameRunning":true,"currentRound":0,"score":0,"roundTimeRemaining":2}
"P004","P004_1760712709959","add_vial_1","2025-10-17 14:51:53","2025-10-17T14:51:53.184Z","1970-01-01 00:00:00",3225,{"vial1Level":73.9,"vial2Level":58.9,"hasBucket":true,"bucket2Level":0,"gameRunning":true,"currentRound":0,"score":0,"roundTimeRemaining":8}
"P004","P004_1760712709959","add_vial_1","2025-10-17 14:51:52","2025-10-17T14:51:52.855Z","1970-01-01 00:00:00",2896,{"vial1Level":66.6,"vial2Level":61.6,"hasBucket":true,"bucket2Level":0,"gameRunning":true,"currentRound":0,"score":0,"roundTimeRemaining":8}
"P004","P004_1760712709959","add_vial_2","2025-10-17 14:51:59","2025-10-17T14:51:59.365Z","1970-01-01 00:00:00",9406,{"vial1Level":83.1,"vial2Level":83.1,"hasBucket":true,"bucket2Level":0,"gameRunning":true,"currentRound":0,"score":0,"roundTimeRemaining":1}
"P004","P004_1760712709959","add_vial_1","2025-10-17 14:51:54","2025-10-17T14:51:54.621Z","1970-01-01 00:00:00",4662,{"vial1Level":71.3,"vial2Level":71.3,"hasBucket":true,"bucket2Level":0,"gameRunning":true,"currentRound":0,"score":0,"roundTimeRemaining":6}
"P004","P004_1760712709959","add_vial_1","2025-10-17 14:51:54","2025-10-17T14:51:54.823Z","1970-01-01 00:00:00",4864,{"vial1Level":74.5,"vial2Level":69.5,"hasBucket":true,"bucket2Level":0,"gameRunning":true,"currentRound":0,"score":0,"roundTimeRemaining":6}
"P004","P004_1760712709959","add_vial_2","2025-10-17 14:51:56","2025-10-17T14:51:56.317Z","1970-01-01 00:00:00",6358,{"vial1Level":76,"vial2Level":76,"hasBucket":true,"bucket2Level":0,"gameRunning":true,"currentRound":0,"score":0,"roundTimeRemaining":4}
"P004","P004_1760712709959","add_vial_2","2025-10-17 14:51:55","2025-10-17T14:51:55.655Z","1970-01-01 00:00:00",5696,{"vial1Level":81.4,"vial2Level":66.4,"hasBucket":true,"bucket2Level":0,"gameRunning":true,"currentRound":0,"score":0,"roundTimeRemaining":5}
"P004","P004_1760712709959","add_vial_1","2025-10-17 14:51:59","2025-10-17T14:51:59.565Z","1970-01-01 00:00:00",9606,{"vial1Level":81.3,"vial2Level":86.3,"hasBucket":true,"bucket2Level":0,"gameRunning":true,"currentRound":0,"score":0,"roundTimeRemaining":1}
"P004","P004_1760712709959","add_vial_2","2025-10-17 14:51:53","2025-10-17T14:51:53.388Z","1970-01-01 00:00:00",3429,{"vial1Level":77.1,"vial2Level":57.1,"hasBucket":true,"bucket2Level":0,"gameRunning":true,"currentRound":0,"score":0,"roundTimeRemaining":7}
"P004","P004_1760712709959","add_vial_1","2025-10-17 14:52:00","2025-10-17T14:52:00.241Z","1970-01-01 00:00:00",10282,{"vial1Level":85.9,"vial2Level":80.9,"hasBucket":true,"bucket2Level":0,"gameRunning":true,"currentRound":0,"score":0,"roundTimeRemaining":1}
"P004","P004_1760712709959","add_vial_2","2025-10-17 14:51:58","2025-10-17T14:51:58.938Z","1970-01-01 00:00:00",8979,{"vial1Level":87.6,"vial2Level":77.6,"hasBucket":true,"bucket2Level":0,"gameRunning":true,"currentRound":0,"score":0,"roundTimeRemaining":2}
"P004","P004_1760712709959","add_vial_2","2025-10-17 14:51:53","2025-10-17T14:51:53.799Z","1970-01-01 00:00:00",3840,{"vial1Level":73.5,"vial2Level":63.5,"hasBucket":true,"bucket2Level":0,"gameRunning":true,"currentRound":0,"score":0,"roundTimeRemaining":7}
"P004","P004_1760712709959","add_vial_2","2025-10-17 14:51:51","2025-10-17T14:51:51.794Z","1970-01-01 00:00:00",1835,{"vial1Level":61.5,"vial2Level":56.5,"hasBucket":true,"bucket2Level":0,"gameRunning":true,"currentRound":0,"score":0,"roundTimeRemaining":9}
"P004","P004_1760712709959","add_vial_2","2025-10-17 14:51:53","2025-10-17T14:51:53.997Z","1970-01-01 00:00:00",4038,{"vial1Level":71.7,"vial2Level":66.7,"hasBucket":true,"bucket2Level":0,"gameRunning":true,"currentRound":0,"score":0,"roundTimeRemaining":7}
"P004","P004_1760712749281","add_vial_1","2025-10-17 14:52:36","2025-10-17T14:52:36.052Z","1970-01-01 00:00:00",6771,{"vial1Level":80.2,"vial2Level":90.2,"hasBucket":true,"bucket2Level":0,"gameRunning":true,"currentRound":0,"score":0,"roundTimeRemaining":4}
"P004","P004_1760712749281","add_vial_2","2025-10-17 14:52:33","2025-10-17T14:52:33.646Z","1970-01-01 00:00:00",4365,{"vial1Level":62.4,"vial2Level":62.4,"hasBucket":true,"bucket2Level":0,"gameRunning":true,"currentRound":0,"score":0,"roundTimeRemaining":6}
"P004","P004_1760712749281","add_vial_1","2025-10-17 14:52:34","2025-10-17T14:52:34.469Z","1970-01-01 00:00:00",5188,{"vial1Level":65,"vial2Level":75,"hasBucket":true,"bucket2Level":0,"gameRunning":true,"currentRound":0,"score":0,"roundTimeRemaining":5}
"P004","P004_1760712749281","add_vial_1","2025-10-17 14:52:34","2025-10-17T14:52:34.188Z","1970-01-01 00:00:00",4907,{"vial1Level":60.9,"vial2Level":75.9,"hasBucket":true,"bucket2Level":0,"gameRunning":true,"currentRound":0,"score":0,"roundTimeRemaining":6}
"P004","P004_1760712749281","add_vial_2","2025-10-17 14:52:35","2025-10-17T14:52:35.470Z","1970-01-01 00:00:00",6189,{"vial1Level":77,"vial2Level":82,"hasBucket":true,"bucket2Level":0,"gameRunning":true,"currentRound":0,"score":0,"roundTimeRemaining":4}
"P004","P004_1760712749281","add_vial_2","2025-10-17 14:52:35","2025-10-17T14:52:35.221Z","1970-01-01 00:00:00",5940,{"vial1Level":77.9,"vial2Level":77.9,"hasBucket":true,"bucket2Level":0,"gameRunning":true,"currentRound":0,"score":0,"roundTimeRemaining":5}
"P004","P004_1760712749281","add_vial_1","2025-10-17 14:52:36","2025-10-17T14:52:36.598Z","1970-01-01 00:00:00",7317,{"vial1Level":83.7,"vial2Level":88.7,"hasBucket":true,"bucket2Level":0,"gameRunning":true,"currentRound":0,"score":0,"roundTimeRemaining":3}
"P004","P004_1760712749281","add_vial_2","2025-10-17 14:52:33","2025-10-17T14:52:33.952Z","1970-01-01 00:00:00",4671,{"vial1Level":61.5,"vial2Level":71.5,"hasBucket":true,"bucket2Level":0,"gameRunning":true,"currentRound":0,"score":0,"roundTimeRemaining":6}
"P004","P004_1760712749281","add_vial_1","2025-10-17 14:52:35","2025-10-17T14:52:35.829Z","1970-01-01 00:00:00",6548,{"vial1Level":76.1,"vial2Level":91.1,"hasBucket":true,"bucket2Level":0,"gameRunning":true,"currentRound":0,"score":0,"roundTimeRemaining":4}
"P004","P004_1760712749281","add_vial_2","2025-10-17 14:52:38","2025-10-17T14:52:38.819Z","1970-01-01 00:00:01",9538,{"vial1Level":87.1,"vial2Level":87.1,"hasBucket":true,"bucket2Level":0,"gameRunning":true,"currentRound":0,"score":0,"roundTimeRemaining":1}
"P004","P004_1760712749281","add_vial_1","2025-10-17 14:52:39","2025-10-17T14:52:39.404Z","1970-01-01 00:00:00",10123,{"vial1Level":90.3,"vial2Level":90.3,"hasBucket":true,"bucket2Level":0,"gameRunning":true,"currentRound":0,"score":0,"roundTimeRemaining":1}
"P004","P004_1760712749281","add_vial_2","2025-10-17 14:52:35","2025-10-17T14:52:35.645Z","1970-01-01 00:00:00",6364,{"vial1Level":76.7,"vial2Level":86.7,"hasBucket":true,"bucket2Level":0,"gameRunning":true,"currentRound":0,"score":0,"roundTimeRemaining":4}
"P004","P004_1760712749281","add_vial_1","2025-10-17 14:52:34","2025-10-17T14:52:34.636Z","1970-01-01 00:00:00",5355,{"vial1Level":69.7,"vial2Level":74.7,"hasBucket":true,"bucket2Level":0,"gameRunning":true,"currentRound":0,"score":0,"roundTimeRemaining":5}
"P004","P004_1760712749281","add_vial_1","2025-10-17 14:52:34","2025-10-17T14:52:34.804Z","1970-01-01 00:00:00",5523,{"vial1Level":74.1,"vial2Level":74.1,"hasBucket":true,"bucket2Level":0,"gameRunning":true,"currentRound":0,"score":0,"roundTimeRemaining":5}
"P004","P004_1760712749281","add_vial_2","2025-10-17 14:52:33","2025-10-17T14:52:33.838Z","1970-01-01 00:00:00",4557,{"vial1Level":62.1,"vial2Level":67.1,"hasBucket":true,"bucket2Level":0,"gameRunning":true,"currentRound":0,"score":0,"roundTimeRemaining":6}
"P004","P004_1760712749281","add_vial_1","2025-10-17 14:52:37","2025-10-17T14:52:37.350Z","1970-01-01 00:00:00",8069,{"vial1Level":86.3,"vial2Level":91.3,"hasBucket":true,"bucket2Level":0,"gameRunning":true,"currentRound":0,"score":0,"roundTimeRemaining":3}
"P004","P004_1760712749281","add_vial_1","2025-10-17 14:52:33","2025-10-17T14:52:33.220Z","",3939,{"vial1Level":58.9,"vial2Level":58.9,"hasBucket":true,"bucket2Level":0,"gameRunning":true,"currentRound":0,"score":0,"roundTimeRemaining":7}
"P004","P004_1760712749281","add_vial_1","2025-10-17 14:52:39","2025-10-17T14:52:39.071Z","1970-01-01 00:00:00",9790,{"vial1Level":86.2,"vial2Level":91.2,"hasBucket":true,"bucket2Level":0,"gameRunning":true,"currentRound":0,"score":0,"roundTimeRemaining":1}
"P004","P004_1760712749281","add_vial_2","2025-10-17 14:52:35","2025-10-17T14:52:35.012Z","1970-01-01 00:00:00",5731,{"vial1Level":78.5,"vial2Level":73.5,"hasBucket":true,"bucket2Level":0,"gameRunning":true,"currentRound":0,"score":0,"roundTimeRemaining":5}
"P004","P004_1760712749281","add_vial_2","2025-10-17 14:52:36","2025-10-17T14:52:36.804Z","1970-01-01 00:00:00",7523,{"vial1Level":88.1,"vial2Level":88.1,"hasBucket":true,"bucket2Level":0,"gameRunning":true,"currentRound":0,"score":0,"roundTimeRemaining":3}
"P004","P004_1760712749281","add_vial_2","2025-10-17 14:52:33","2025-10-17T14:52:33.463Z","1970-01-01 00:00:00",4182,{"vial1Level":63,"vial2Level":58,"hasBucket":true,"bucket2Level":0,"gameRunning":true,"currentRound":0,"score":0,"roundTimeRemaining":6}